{
 "problem": "doublewell_sghmc",
 "origin": "SGHMC (Chen et al. 2014)",
 "sampler": "amagold",
 "is_home": false,
 "budget": 4000000,
 "seed": 0,
 "configs": {
  "dt0.3_C0.5": {
   "hp": {
    "dt": 0.03,
    "C": 0.5,
    "nstep": 10
   },
   "metrics": {
    "density_l1": 0.02443819150482963
   },
   "wall_s": 3.99
  },
  "dt0.3_C3.0": {
   "hp": {
    "dt": 0.03,
    "C": 3.0,
    "nstep": 10
   },
   "metrics": {
    "density_l1": 0.018960230126222666
   },
   "wall_s": 3.9
  },
  "dt1.0_C0.5": {
   "hp": {
    "dt": 0.1,
    "C": 0.5,
    "nstep": 10
   },
   "metrics": {
    "density_l1": 0.015589399587539158
   },
   "wall_s": 3.84
  },
  "dt1.0_C3.0": {
   "hp": {
    "dt": 0.1,
    "C": 3.0,
    "nstep": 10
   },
   "metrics": {
    "density_l1": 0.010542832901937927
   },
   "wall_s": 3.9
  },
  "dt3.0_C0.5": {
   "hp": {
    "dt": 0.30000000000000004,
    "C": 0.5,
    "nstep": 10
   },
   "metrics": {
    "density_l1": 0.01304632270557982
   },
   "wall_s": 3.83
  },
  "dt3.0_C3.0": {
   "hp": {
    "dt": 0.30000000000000004,
    "C": 3.0,
    "nstep": 10
   },
   "metrics": {
    "density_l1": 0.013340339997978047
   },
   "wall_s": 3.9
  }
 }
}