{
 "problem": "gaussian2d",
 "origin": "SGHMC (Chen et al. 2014)",
 "sampler": "amagold",
 "is_home": false,
 "budget": 2000000,
 "seed": 0,
 "configs": {
  "dt0.3_C0.5": {
   "hp": {
    "dt": 0.066,
    "C": 0.5,
    "nstep": 10
   },
   "metrics": {
    "cov_err": 0.19181524515151976
   },
   "wall_s": 2.38
  },
  "dt0.3_C3.0": {
   "hp": {
    "dt": 0.066,
    "C": 3.0,
    "nstep": 10
   },
   "metrics": {
    "cov_err": 0.6404509723186493
   },
   "wall_s": 2.04
  },
  "dt1.0_C0.5": {
   "hp": {
    "dt": 0.22,
    "C": 0.5,
    "nstep": 10
   },
   "metrics": {
    "cov_err": 0.5158277034759522
   },
   "wall_s": 2.05
  },
  "dt1.0_C3.0": {
   "hp": {
    "dt": 0.22,
    "C": 3.0,
    "nstep": 10
   },
   "metrics": {
    "cov_err": 0.8480036437511445
   },
   "wall_s": 1.98
  },
  "dt3.0_C0.5": {
   "hp": {
    "dt": 0.66,
    "C": 0.5,
    "nstep": 10
   },
   "metrics": {
    "cov_err": 0.4346258521080017
   },
   "wall_s": 2.03
  },
  "dt3.0_C3.0": {
   "hp": {
    "dt": 0.66,
    "C": 3.0,
    "nstep": 10
   },
   "metrics": {
    "cov_err": 0.9006529331207276
   },
   "wall_s": 2.02
  }
 }
}