{
 "problem": "gaussian2d",
 "origin": "SGHMC (Chen et al. 2014)",
 "sampler": "csgld",
 "is_home": false,
 "budget": 2000000,
 "seed": 0,
 "configs": {
  "step0.3_c20": {
   "hp": {
    "step_size": 0.015,
    "num_cycles": 20
   },
   "metrics": {
    "cov_err": 0.036635082960128795,
    "ess_bulk_min": 601.7,
    "rhat_split_max": 1.0001,
    "tau_max": 448.7
   },
   "wall_s": 5.29
  },
  "step0.3_c60": {
   "hp": {
    "step_size": 0.015,
    "num_cycles": 60
   },
   "metrics": {
    "cov_err": 0.05023218989372252,
    "ess_bulk_min": 646.5,
    "rhat_split_max": 1.0028,
    "tau_max": 417.6
   },
   "wall_s": 5.55
  },
  "step1.0_c20": {
   "hp": {
    "step_size": 0.05,
    "num_cycles": 20
   },
   "metrics": {
    "cov_err": 0.006480348110198986,
    "ess_bulk_min": 1518.8,
    "rhat_split_max": 1.0,
    "tau_max": 177.8
   },
   "wall_s": 5.48
  },
  "step1.0_c60": {
   "hp": {
    "step_size": 0.05,
    "num_cycles": 60
   },
   "metrics": {
    "cov_err": 0.05887751579284667,
    "ess_bulk_min": 1466.2,
    "rhat_split_max": 1.0022,
    "tau_max": 184.1
   },
   "wall_s": 5.58
  },
  "step3.0_c20": {
   "hp": {
    "step_size": 0.15000000000000002,
    "num_cycles": 20
   },
   "metrics": {
    "cov_err": 0.04593877792358397,
    "ess_bulk_min": 2904.8,
    "rhat_split_max": 1.0001,
    "tau_max": 93.0
   },
   "wall_s": 5.5
  },
  "step3.0_c60": {
   "hp": {
    "step_size": 0.15000000000000002,
    "num_cycles": 60
   },
   "metrics": {
    "cov_err": 0.056671249866485585,
    "ess_bulk_min": 3431.9,
    "rhat_split_max": 1.0014,
    "tau_max": 78.7
   },
   "wall_s": 5.34
  }
 }
}