{
 "problem": "gaussian2d",
 "origin": "SGHMC (Chen et al. 2014)",
 "sampler": "vc_lp_sgld",
 "is_home": false,
 "budget": 2000000,
 "seed": 0,
 "configs": {
  "lr0.3_fl3": {
   "hp": {
    "lr": 0.015,
    "wl": 8,
    "fl": 3
   },
   "metrics": {
    "cov_err": 0.0061343491077422985
   },
   "wall_s": 10.13
  },
  "lr0.3_fl4": {
   "hp": {
    "lr": 0.015,
    "wl": 8,
    "fl": 4
   },
   "metrics": {
    "cov_err": 0.015035527944564808
   },
   "wall_s": 10.02
  },
  "lr1.0_fl3": {
   "hp": {
    "lr": 0.05,
    "wl": 8,
    "fl": 3
   },
   "metrics": {
    "cov_err": 0.035336750745773304
   },
   "wall_s": 10.77
  },
  "lr1.0_fl4": {
   "hp": {
    "lr": 0.05,
    "wl": 8,
    "fl": 4
   },
   "metrics": {
    "cov_err": 0.04136942625045775
   },
   "wall_s": 11.19
  },
  "lr3.0_fl3": {
   "hp": {
    "lr": 0.15000000000000002,
    "wl": 8,
    "fl": 3
   },
   "metrics": {
    "cov_err": 0.16430617570877076
   },
   "wall_s": 10.03
  },
  "lr3.0_fl4": {
   "hp": {
    "lr": 0.15000000000000002,
    "wl": 8,
    "fl": 4
   },
   "metrics": {
    "cov_err": 0.19909958839416503
   },
   "wall_s": 10.09
  }
 }
}