{
 "problem": "lp_gaussian",
 "origin": "low-precision SGLD (Zhang et al. 2022)",
 "sampler": "amagold",
 "is_home": false,
 "budget": 1000000,
 "seed": 0,
 "configs": {
  "dt0.3_C0.5": {
   "hp": {
    "dt": 0.0135,
    "C": 0.5,
    "nstep": 10
   },
   "metrics": {
    "std_err": 0.060047030448913574,
    "std": 1.0600470304489136
   },
   "wall_s": 1.27
  },
  "dt0.3_C3.0": {
   "hp": {
    "dt": 0.0135,
    "C": 3.0,
    "nstep": 10
   },
   "metrics": {
    "std_err": 0.047225356101989746,
    "std": 1.0472253561019897
   },
   "wall_s": 1.24
  },
  "dt1.0_C0.5": {
   "hp": {
    "dt": 0.045,
    "C": 0.5,
    "nstep": 10
   },
   "metrics": {
    "std_err": 0.001493215560913086,
    "std": 1.001493215560913
   },
   "wall_s": 1.23
  },
  "dt1.0_C3.0": {
   "hp": {
    "dt": 0.045,
    "C": 3.0,
    "nstep": 10
   },
   "metrics": {
    "std_err": 0.00020229816436767578,
    "std": 1.0002022981643677
   },
   "wall_s": 1.26
  },
  "dt3.0_C0.5": {
   "hp": {
    "dt": 0.135,
    "C": 0.5,
    "nstep": 10
   },
   "metrics": {
    "std_err": 0.0005221366882324219,
    "std": 1.0005221366882324
   },
   "wall_s": 1.26
  },
  "dt3.0_C3.0": {
   "hp": {
    "dt": 0.135,
    "C": 3.0,
    "nstep": 10
   },
   "metrics": {
    "std_err": 0.0003610849380493164,
    "std": 1.0003610849380493
   },
   "wall_s": 1.24
  }
 }
}