{
 "problem": "doublewell_amagold",
 "origin": "AMAGOLD (Zhang et al. 2020)",
 "sampler": "csgld",
 "is_home": false,
 "budget": 1212000,
 "seed": 0,
 "configs": {
  "step0.3_c20": {
   "hp": {
    "step_size": 0.01875,
    "num_cycles": 20
   },
   "metrics": {
    "density_l1": 0.03775884979454823
   },
   "wall_s": 2.5
  },
  "step0.3_c60": {
   "hp": {
    "step_size": 0.01875,
    "num_cycles": 60
   },
   "metrics": {
    "density_l1": 0.11099029251847428
   },
   "wall_s": 2.49
  },
  "step1.0_c20": {
   "hp": {
    "step_size": 0.0625,
    "num_cycles": 20
   },
   "metrics": {
    "density_l1": 0.048863521717710544
   },
   "wall_s": 2.45
  },
  "step1.0_c60": {
   "hp": {
    "step_size": 0.0625,
    "num_cycles": 60
   },
   "metrics": {
    "density_l1": 0.07145682097740916
   },
   "wall_s": 2.44
  },
  "step3.0_c20": {
   "hp": {
    "step_size": 0.1875,
    "num_cycles": 20
   },
   "metrics": {
    "density_l1": 0.12694521127411623
   },
   "wall_s": 2.45
  },
  "step3.0_c60": {
   "hp": {
    "step_size": 0.1875,
    "num_cycles": 60
   },
   "metrics": {
    "density_l1": 0.1130777174590201
   },
   "wall_s": 2.59
  }
 }
}