{
 "problem": "mnist_sghmc",
 "origin": "SGHMC (Chen et al. 2014)",
 "sampler": "amagold",
 "is_home": false,
 "budget": 96000,
 "seed": 0,
 "configs": {
  "cfg0": {
   "hp": {
    "step_mult": 0.003,
    "T": 10,
    "beta": 5e-06
   },
   "metrics": {
    "test_err": 0.03590000048279762,
    "accept_rate": 0.7770562770562771,
    "wall_s": 59.5
   }
  },
  "cfg1": {
   "hp": {
    "step_mult": 0.01,
    "T": 10,
    "beta": 5e-06
   },
   "metrics": {
    "test_err": 0.03579999879002571,
    "accept_rate": 0.5744400527009222,
    "wall_s": 58.2
   }
  },
  "cfg2": {
   "hp": {
    "step_mult": 0.03,
    "T": 10,
    "beta": 5e-06
   },
   "metrics": {
    "test_err": 0.0357000008225441,
    "accept_rate": 0.29785431959345005,
    "wall_s": 58.2
   }
  }
 }
}